<?xml version="1.0" encoding="UTF-8"?>
<metadata xml:lang="en"><Esri><CreaDate>20210915</CreaDate><CreaTime>16062600</CreaTime><ArcGISFormat>1.0</ArcGISFormat><SyncOnce>TRUE</SyncOnce><DataProperties><lineage><Process ToolSource="f:\program files\arcgis\pro\Resources\ArcToolbox\toolboxes\Data Management Tools.tbx\Append" Date="20210915" Time="160626">Append MRTLRTStnPtt_NoDuplicate MRTLRTStnPtt "Use the field map to reconcile field differences" "OBJECTID "OBJECTID" true false false 10 Long 0 10,First,#,F:\ArcGIS\Default.gdb\MRTLRTStnPtt_NoDuplicate,OBJECTID,-1,-1;STN_NAME "STN_NAME" true false false 66 Text 0 0,First,#,F:\ArcGIS\Default.gdb\MRTLRTStnPtt_NoDuplicate,STN_NAME,0,66;STN_NO "STN_NO" true false false 15 Text 0 0,First,#,F:\ArcGIS\Default.gdb\MRTLRTStnPtt_NoDuplicate,STN_NO,0,15" # #</Process><Process ToolSource="f:\program files\arcgis\pro\Resources\ArcToolbox\toolboxes\Data Management Tools.tbx\Append" Date="20210915" Time="160721">Append MRTLRTStnPtt_NoDuplicate MRTLRTStnPtt "Use the field map to reconcile field differences" "OBJECTID "OBJECTID" true false false 10 Long 0 10,First,#,F:\ArcGIS\Default.gdb\MRTLRTStnPtt_NoDuplicate,OBJECTID,-1,-1;STN_NAME "STN_NAME" true false false 66 Text 0 0,First,#,F:\ArcGIS\Default.gdb\MRTLRTStnPtt_NoDuplicate,STN_NAME,0,66;STN_NO "STN_NO" true false false 15 Text 0 0,First,#,F:\ArcGIS\Default.gdb\MRTLRTStnPtt_NoDuplicate,STN_NO,0,15" # #</Process><Process ToolSource="f:\program files\arcgis\pro\Resources\ArcToolbox\toolboxes\Data Management Tools.tbx\Append" Date="20210915" Time="162902">Append MRTLRTStnPtt_NoDuplicate MRTLRTStnPtt "Use the field map to reconcile field differences" "OBJECTID "OBJECTID" true false false 10 Long 0 10,First,#,F:\ArcGIS\Default.gdb\MRTLRTStnPtt_NoDuplicate,OBJECTID,-1,-1;STN_NAME "STN_NAME" true false false 66 Text 0 0,First,#,F:\ArcGIS\Default.gdb\MRTLRTStnPtt_NoDuplicate,STN_NAME,0,66;STN_NO "STN_NO" true false false 15 Text 0 0,First,#,F:\ArcGIS\Default.gdb\MRTLRTStnPtt_NoDuplicate,STN_NO,0,20" # #</Process><Process ToolSource="f:\program files\arcgis\pro\Resources\ArcToolbox\toolboxes\Data Management Tools.tbx\Append" Date="20210915" Time="163227">Append MRTLRTStnPtt_NoDuplicate MRTLRTStnPtt "Use the field map to reconcile field differences" "OBJECTID "OBJECTID" true false false 10 Long 0 10,First,#,F:\ArcGIS\Default.gdb\MRTLRTStnPtt_NoDuplicate,OBJECTID,-1,-1;STN_NAME "STN_NAME" true false false 66 Text 0 0,First,#,F:\ArcGIS\Default.gdb\MRTLRTStnPtt_NoDuplicate,STN_NAME,0,66;STN_NO "STN_NO" true false false 15 Text 0 0,First,#,F:\ArcGIS\Default.gdb\MRTLRTStnPtt_NoDuplicate,STN_NO,0,20" # #</Process><Process ToolSource="f:\program files\arcgis\pro\Resources\ArcToolbox\toolboxes\Data Management Tools.tbx\Append" Date="20210915" Time="163828">Append MRTLRTStnPtt_NoDuplicate MRTLRTStnPtt "Use the field map to reconcile field differences" "OBJECTID "OBJECTID" true false false 10 Long 0 10,First,#,F:\ArcGIS\Default.gdb\MRTLRTStnPtt_NoDuplicate,OBJECTID,-1,-1;STN_NAME "STN_NAME" true false false 66 Text 0 0,First,#,F:\ArcGIS\Default.gdb\MRTLRTStnPtt_NoDuplicate,STN_NAME,0,66;STN_NO "STN_NO" true false false 15 Text 0 0,First,#,F:\ArcGIS\Default.gdb\MRTLRTStnPtt_NoDuplicate,STN_NO,0,20" # #</Process></lineage></DataProperties></Esri></metadata>
